{
  "order": [
    {
      "created": "2018/03/08 05:39:00",
      "id": 100001600000003,
      "goodsNum": 3,
      "goods": [
        {
          "imgUrl": "statics/phone.png",
          "name": "Apple iPhone X + 198 Bundle",
          "detail1": "Memory: 256 GB",
          "detail2": "Primary: 198 Bundle",
          "detail3": "Color: Space gray",
          "upfront": 1149.00,
          "monthly": 198.00,
          "number": 1
        },
        {
          "imgUrl": "statics/phone2.png",
          "name": "Apple iPhone X",
          "detail1": "Memory: 128 GB",
          "detail2": "Primary: 198 Bundle",
          "detail3": "Color: Space gray",
          "upfront": 1149.00,
          "monthly": 198.00,
          "number": 1
        },
        {
          "imgUrl": "statics/phone3.png",
          "name": "198 Bundle",
          "detail1": "Memory: 64 GB",
          "detail2": "Primary: 198 Bundle",
          "detail3": "Color: Space gray",
          "upfront": 1149.00,
          "monthly": 198.00,
          "number": 1
        }
      ]
    },{
      "created": "2018/03/09 06:39:00",
      "id": 100001600000004,
      "goodsNum": 3,
      "goods": [
        {
          "imgUrl": "statics/phone.png",
          "name": "Apple iPhone X + 198 Bundle",
          "detail1": "Memory: 256 GB",
          "detail2": "Primary: 198 Bundle",
          "detail3": "Color: Space gray",
          "upfront": 1149.00,
          "monthly": 198.00,
          "number": 1
        },
        {
          "imgUrl": "statics/phone2.png",
          "name": "Apple iPhone X",
          "detail1": "Memory: 128 GB",
          "detail2": "Primary: 198 Bundle",
          "detail3": "Color: Space gray",
          "upfront": 1149.00,
          "monthly": 198.00,
          "number": 1
        },
        {
          "imgUrl": "statics/phone3.png",
          "name": "198 Bundle",
          "detail1": "Memory: 64 GB",
          "detail2": "Primary: 198 Bundle",
          "detail3": "Color: Space gray",
          "upfront": 1149.00,
          "monthly": 198.00,
          "number": 1
        }
      ]
    },{
      "created": "2018/03/10 07:39:00",
      "id": 100001600000005,
      "goodsNum": 3,
      "goods": [
        {
          "imgUrl": "statics/phone.png",
          "name": "Apple iPhone X + 198 Bundle",
          "detail1": "Memory: 256 GB",
          "detail2": "Primary: 198 Bundle",
          "detail3": "Color: Space gray",
          "upfront": 1149.00,
          "monthly": 198.00,
          "number": 1
        },
        {
          "imgUrl": "statics/phone2.png",
          "name": "Apple iPhone X",
          "detail1": "Memory: 128 GB",
          "detail2": "Primary: 198 Bundle",
          "detail3": "Color: Space gray",
          "upfront": 1149.00,
          "monthly": 198.00,
          "number": 1
        },
        {
          "imgUrl": "statics/phone3.png",
          "name": "198 Bundle",
          "detail1": "Memory: 64 GB",
          "detail2": "Primary: 198 Bundle",
          "detail3": "Color: Space gray",
          "upfront": 1149.00,
          "monthly": 198.00,
          "number": 1
        }
      ]
    }
  ]
}