{
	"data":{
		"select": 0,
		"total": 10,
		"items":[
			{
				"id": 0,
				"name": "HUAWEI VR",
				"image": "statics/images/Homepage/new1.png",
				"src": "?hot=1",
				"price": "1299",
				"type": "Accessories",
				"Date": "2018-03-10"
			},
			{
				"id": 1,
				"name": "Huawei Watch 2 Pro",
				"image": "statics/images/Homepage/new2.png",
				"src": "?hot=2",
				"price": "1299",
				"type": "Accessories",
				"Date": "2018-03-11"
			},
			{
				"id": 2,
				"name": "HUAWEI VR",
				"image": "statics/images/Homepage/new3.png",
				"src": "?hot=3",
				"price": "1299",
				"type": "Accessories",
				"Date": "2018-03-12"
			},
			{
				"id": 3,
				"name": "Huawei Watch 2 Pro",
				"image": "statics/images/Homepage/new4.png",
				"src": "?hot=4",
				"price": "1299",
				"type": "Accessories",
				"Date": "2018-03-13"
			},
			{
				"id": 4,
				"name": "HUAWEI VR",
				"image": "statics/images/Homepage/new1.png",
				"src": "?hot=5",
				"price": "1299",
				"type": "Accessories",
				"Date": "2018-03-14"
			}
		]
	}
}