{
	"data":{
		"select": 0,
		"total": 10,
		"items":[
			{
				"id": 0,
				"name": "HUAWEI VR",
				"image": "statics/images/Homepage/featured1.png",
				"src": "?hot=1",
				"price": "1299",
				"type": "Accessories",
				"byStages": true,
				"setMeals": [
					{
						"id": 1000000,"name": "HUAWEI VR",
						"image": "statics/images/Homepage/featured1.png",
						"price": "440",
						"monthly":"3",
						"attr": {
							"Voice": "300 min",
							"SMS": "unlimited",
							"Data": "20 GB"
						}
					},
					{
						"id": 1000001,
						"name": "HUAWEI VR",
						"image": "statics/images/Homepage/featured1.png",
						"price": "230",
						"monthly":"6",
						"attr": {
							"Voice": "300 min",
							"SMS": "unlimited",
							"Data": "20 GB"
						}
					},
					{
						"id": 1000002,
						"name": "HUAWEI VR",
						"image": "statics/images/Homepage/featured1.png",
						"price": "115",
						"monthly":"12",
						"attr": {
							"Voice": "300 min",
							"SMS": "unlimited",
							"Data": "20 GB"
						}
					}
				],
				"attr": {
					"Memory": "256GB",
					"Primary": "198 Bundle",
					"Color": "Space gray"
				},
				"describe": "ETVR Upgraded 3D VR Glasses for Movies and Games with Stereo Headphone - More Lightweight Virtual Reality Headset with 120 Degree FOV"
			},
			{
				"id": 1,
				"name": "Huawei Watch 2 Pro",
				"image": "statics/images/Homepage/featured2.png",
				"src": "?hot=2",
				"price": "1299",
				"type": "Accessories",
				"byStages": true,
				"setMeals": [
					{"id": 1010000,"name": "HUAWEI VR","image": "statics/images/Homepage/featured1.png","price": "440","monthly":"3"},
					{"id": 1010001,"name": "HUAWEI VR","image": "statics/images/Homepage/featured1.png","price": "230","monthly":"6"},
					{"id": 1010002,"name": "HUAWEI VR","image": "statics/images/Homepage/featured1.png","price": "115","monthly":"12"}
				],
				"describe": "ETVR Upgraded 3D VR Glasses for Movies and Games with Stereo Headphone - More Lightweight Virtual Reality Headset with 120 Degree FOV"
			},
			{
				"id": 2,
				"name": "HUAWEI VR",
				"image": "statics/images/Homepage/featured3.png",
				"src": "?hot=3",
				"price": "1299",
				"type": "Accessories",
				"byStages": false,
				"setMeals": [],
				"attr": {
					"Upfront": "12.00"
				},
				"describe": "ETVR Upgraded 3D VR Glasses for Movies and Games with Stereo Headphone - More Lightweight Virtual Reality Headset with 120 Degree FOV"
			},
			{
				"id": 3,
				"name": "Huawei Watch 2 Pro",
				"image": "statics/images/Homepage/featured1.png",
				"src": "?hot=4",
				"price": "1299",
				"type": "Accessories",
				"setMeals": [
					{
						"id": 1030000,"name": "HUAWEI VR",
						"image": "statics/images/Homepage/featured1.png",
						"price": "440",
						"monthly":"3",
						"attr": {
							"Voice": "300 min",
							"SMS": "unlimited",
							"Data": "20 GB"
						}
					},
					{
						"id": 1030001,
						"name": "HUAWEI VR",
						"image": "statics/images/Homepage/featured1.png",
						"price": "230",
						"monthly":"6",
						"attr": {
							"Voice": "300 min",
							"SMS": "unlimited",
							"Data": "20 GB"
						}
					},
					{
						"id": 1030002,
						"name": "HUAWEI VR",
						"image": "statics/images/Homepage/featured1.png",
						"price": "115",
						"monthly":"12",
						"attr": {
							"Voice": "300 min",
							"SMS": "unlimited",
							"Data": "20 GB"
						}
					}
				],
				"attr": {
					"Memory": "256GB",
					"Primary": "198 Bundle",
					"Color": "Space gray"
				},
				"describe": "ETVR Upgraded 3D VR Glasses for Movies and Games with Stereo Headphone - More Lightweight Virtual Reality Headset with 120 Degree FOV"
			},
			{
				"id": 4,
				"name": "HUAWEI VR",
				"image": "statics/images/Homepage/featured2.png",
				"src": "?hot=5",
				"price": "1299",
				"type": "Accessories",
				"setMeals": [
					{
						"id": 1040000,"name": "HUAWEI VR",
						"image": "statics/images/Homepage/featured1.png",
						"price": "440",
						"monthly":"3",
						"attr": {
							"Voice": "300 min",
							"SMS": "unlimited",
							"Data": "20 GB"
						}
					},
					{
						"id": 1040001,
						"name": "HUAWEI VR",
						"image": "statics/images/Homepage/featured1.png",
						"price": "230",
						"monthly":"6",
						"attr": {
							"Voice": "300 min",
							"SMS": "unlimited",
							"Data": "20 GB"
						}
					},
					{
						"id": 1040002,
						"name": "HUAWEI VR",
						"image": "statics/images/Homepage/featured1.png",
						"price": "115",
						"monthly":"12",
						"attr": {
							"Voice": "300 min",
							"SMS": "unlimited",
							"Data": "20 GB"
						}
					}
				],
				"attr": {
					"Memory": "256GB",
					"Primary": "198 Bundle",
					"Color": "Space gray"
				},
				"describe": "ETVR Upgraded 3D VR Glasses for Movies and Games with Stereo Headphone - More Lightweight Virtual Reality Headset with 120 Degree FOV"
			}
		]
	}
}