{
	"data":[
		{"id":0,"products":"Contract Phone","brand":"Huawei","connection":"Airplay","productsType":"Cases & Covers","name":"Huawei Mate 10","type":"Phone","color":"dark" ,"price":710,"memory":16, "sales":10, "pop":10, "shelfTime":"2018-03-16", "image": "statics/search/images/offerings/1.png", "src":"?offering=1"},
		{"id":1,"products":"Contract Phone","brand":"Huawei","connection":"Airplay","productsType":"Cases & Covers","name":"Plwats Please E-book","type":"E-Books","color":"white" ,"price":12,"memory":0, "sales":11, "pop":11, "shelfTime":"2018-03-15", "image": "statics/search/images/offerings/2.png", "src":"?offering=2"},
		{"id":2,"products":"Contract Phone","brand":"Huawei","connection":"Airplay","productsType":"Cases & Covers","name":"Huawei Watch 2 Pro","type":"Accessories","color":"dark" ,"price":400,"memory":0, "sales":12, "pop":12, "shelfTime":"2018-03-14", "image": "statics/search/images/offerings/3.png", "src":"?offering=3"},
		{"id":3,"products":"Contract Phone","brand":"Huawei","connection":"Airplay","productsType":"Cases & Covers","name":"Beo Play M5","type":"Accessories","color":"light" ,"price":711,"memory":0, "sales":13, "pop":13, "shelfTime":"2018-03-13", "image": "statics/search/images/offerings/4.png", "src":"?offering=4"},
		{"id":4,"products":"Contract Phone","brand":"Huawei","connection":"Airplay","productsType":"Cases & Covers","name":"198 Bundle","type":"Plans","color":"blue" ,"price":198,"memory":20, "sales":14, "pop":14, "shelfTime":"2018-03-12", "image": "statics/search/images/offerings/5.png", "src":"?offering=5"},
		{"id":5,"products":"Contract Phone","brand":"Huawei","connection":"Airplay","productsType":"Cases & Covers","name":"Honor AM175 Headset","type":"Accessories","color":"red" ,"price":59,"memory":0, "sales":15, "pop":15, "shelfTime":"2018-03-11", "image": "statics/search/images/offerings/6.png", "src":"?offering=6"},
		{"id":6,"products":"Phone","brand":"Huawei","connection":"Airplay","productsType":"Cases & Covers","name":"Huawei VR 2 Pro","type":"Accessories","color":"white" ,"price":109,"memory":0, "sales":16, "pop":16, "shelfTime":"2018-03-10", "image": "statics/search/images/offerings/7.png", "src":"?offering=7"},
		{"id":7,"products":"Phone","brand":"Huawei","connection":"Airplay","productsType":"Cases & Covers","name":"iPhone 8 + 198 Bundle","type":"Contract Phone","color":"red" ,"price":828,"memory":0, "sales":17, "pop":17, "shelfTime":"2018-03-09", "image": "statics/search/images/offerings/8.png", "src":"?offering=8"},
		{"id":8,"products":"Phone","brand":"Huawei","connection":"Airplay","productsType":"Cases & Covers","name":"HuaweiI AM185 Headset","type":"Accessories","color":"grey" ,"price":48,"memory":0, "sales":18, "pop":18, "shelfTime":"2018-03-08", "image": "statics/search/images/offerings/9.png", "src":"?offering=9"},
		{"id":9,"products":"Phone","brand":"Huawei","connection":"Airplay","productsType":"Cases & Covers","name":"Mondrian E-book","type":"E-Books","color":"white" ,"price":129,"memory":0, "sales":19, "pop":19, "shelfTime":"2018-03-07", "image": "statics/search/images/offerings/10.png", "src":"?offering=10"},
		{"id":10,"products":"Phone","brand":"Huawei","connection":"Bluetooth","productsType":"Cases & Covers","name":"Beats Solo3 Wireless","type":"Accessories","color":"amber" ,"price":299,"memory":0, "sales":20, "pop":20, "shelfTime":"2018-03-06", "image": "statics/search/images/offerings/11.png", "src":"?offering=11"},
		{"id":11,"products":"Phone","brand":"Huawei","connection":"Bluetooth","productsType":"Cases & Covers","name":"Huawei Mate 10 Pro","type":"Phone","color":"blue" ,"price":715,"memory":32, "sales":21, "pop":21, "shelfTime":"2018-03-05", "image": "statics/search/images/offerings/12.png", "src":"?offering=12"},
		{"id":12,"products":"Accessories","brand":"Huawei","connection":"Bluetooth","productsType":"Headphones","name":"Huawei Mate 10","type":"Phone","color":"dark" ,"price":799,"memory":16, "sales":10, "pop":10, "shelfTime":"2018-03-16", "image": "statics/search/images/offerings/1.png", "src":"?offering=1"},
		{"id":13,"products":"Accessories","brand":"Huawei","connection":"Bluetooth","productsType":"Headphones","name":"Plwats Please E-book","type":"E-Books","color":"white" ,"price":12,"memory":0, "sales":11, "pop":11, "shelfTime":"2018-03-15", "image": "statics/search/images/offerings/2.png", "src":"?offering=2"},
		{"id":14,"products":"Accessories","brand":"Huawei","connection":"Bluetooth","productsType":"Headphones","name":"Huawei Watch 2 Pro","type":"Accessories","color":"dark" ,"price":400,"memory":0, "sales":12, "pop":12, "shelfTime":"2018-03-14", "image": "statics/search/images/offerings/3.png", "src":"?offering=3"},
		{"id":15,"products":"Accessories","brand":"Others","connection":"Bluetooth","productsType":"Headphones","name":"Beo Play M5","type":"Accessories","color":"light" ,"price":789,"memory":0, "sales":13, "pop":13, "shelfTime":"2018-03-13", "image": "statics/search/images/offerings/4.png", "src":"?offering=4"},
		{"id":16,"products":"Accessories","brand":"Others","connection":"Bluetooth","productsType":"Headphones","name":"198 Bundle","type":"Plans","color":"blue" ,"price":198,"memory":20, "sales":14, "pop":14, "shelfTime":"2018-03-12", "image": "statics/search/images/offerings/5.png", "src":"?offering=5"},
		{"id":17,"products":"Accessories","brand":"Others","connection":"Bluetooth","productsType":"Headphones","name":"Honor AM175 Headset","type":"Accessories","color":"red" ,"price":59,"memory":0, "sales":15, "pop":15, "shelfTime":"2018-03-11", "image": "statics/search/images/offerings/6.png", "src":"?offering=6"},
		{"id":18,"products":"Accessories","brand":"Others","connection":"Bluetooth","productsType":"Headphones","name":"Huawei VR 2 Pro","type":"Accessories","color":"white" ,"price":109,"memory":0, "sales":16, "pop":16, "shelfTime":"2018-03-10", "image": "statics/search/images/offerings/7.png", "src":"?offering=7"},
		{"id":19,"products":"Accessories","brand":"Others","connection":"Bluetooth","productsType":"Headphones","name":"iPhone 8 + 198 Bundle","type":"Contract Phone","color":"red" ,"price":828,"memory":0, "sales":17, "pop":17, "shelfTime":"2018-03-09", "image": "statics/search/images/offerings/8.png", "src":"?offering=8"},
		{"id":20,"products":"Plans","brand":"Others","connection":"Wireless","productsType":"Headphones","name":"HuaweiI AM185 Headset","type":"Accessories","color":"grey" ,"price":48,"memory":0, "sales":18, "pop":18, "shelfTime":"2018-03-08", "image": "statics/search/images/offerings/9.png", "src":"?offering=9"},
		{"id":21,"products":"Plans","brand":"Others","connection":"Wireless","productsType":"Headphones","name":"Mondrian E-book","type":"E-Books","color":"white" ,"price":129,"memory":0, "sales":19, "pop":19, "shelfTime":"2018-03-07", "image": "statics/search/images/offerings/10.png", "src":"?offering=10"},
		{"id":22,"products":"Plans","brand":"Others","connection":"Wireless","productsType":"Headphones","name":"Beats Solo3 Wireless","type":"Accessories","color":"amber" ,"price":299,"memory":0, "sales":20, "pop":20, "shelfTime":"2018-03-06", "image": "statics/search/images/offerings/11.png", "src":"?offering=11"},
		{"id":23,"products":"Plans","brand":"Others","connection":"Wireless","productsType":"Headphones","name":"Huawei Mate 10 Pro","type":"Phone","color":"blue" ,"price":709,"memory":32, "sales":21, "pop":21, "shelfTime":"2018-03-05", "image": "statics/search/images/offerings/12.png", "src":"?offering=12"},
		{"id":24,"products":"Plans","brand":"Others","connection":"Wireless","productsType":"Headphones","name":"Huawei Mate 10","type":"Phone","color":"dark" ,"price":751,"memory":16, "sales":10, "pop":10, "shelfTime":"2018-03-16", "image": "statics/search/images/offerings/1.png", "src":"?offering=1"},
		{"id":25,"products":"Plans","brand":"Others","connection":"Wireless","productsType":"Headphones","name":"Plwats Please E-book","type":"E-Books","color":"white" ,"price":12,"memory":0, "sales":11, "pop":11, "shelfTime":"2018-03-15", "image": "statics/search/images/offerings/2.png", "src":"?offering=2"}	
	]
	
}
